{"cameraMode":{"drawMode":0,"name":"Shaded","section":"Shading Mode"},"sceneLighting":false,"audioPlay":false,"sceneViewState":{"showFog":true,"showMaterialUpdate":false,"showSkybox":false,"showFlares":true,"showImageEffects":true,"showParticleSystems":true},"in2DMode":false,"pivot":{"x":-0.4533233642578125,"y":1.6296138763427735,"z":-0.030028104782104493},"rotation":{"x":0.044948313385248187,"y":0.9438248872756958,"z":-0.29383206367492678,"w":0.14438405632972718},"size":9.546388626098633,"orthographic":false}