{"cameraMode":{"drawMode":0,"name":"Shaded","section":"Shading Mode"},"sceneLighting":true,"audioPlay":false,"sceneViewState":{"showFog":true,"showMaterialUpdate":false,"showSkybox":true,"showFlares":true,"showImageEffects":true,"showParticleSystems":true},"in2DMode":false,"pivot":{"x":-0.7378768920898438,"y":2.0171051025390627,"z":1.6688232421875},"rotation":{"x":0.03779570758342743,"y":0.954280436038971,"z":-0.26288238167762759,"w":0.13720561563968659},"size":31.88340187072754,"orthographic":false}