{"cameraMode":{"drawMode":0,"name":"Shaded","section":"Shading Mode"},"sceneLighting":true,"audioPlay":false,"sceneViewState":{"showFog":true,"showMaterialUpdate":false,"showSkybox":true,"showFlares":true,"showImageEffects":true,"showParticleSystems":true},"in2DMode":false,"pivot":{"x":-2.7881946563720705,"y":-9.756526947021485,"z":10.691829681396485},"rotation":{"x":0.11484111100435257,"y":0.8760656714439392,"z":-0.39155250787734988,"w":0.2569519281387329},"size":65.99506378173828,"orthographic":false}