{"cameraMode":{"drawMode":0,"name":"Shaded","section":"Shading Mode"},"sceneLighting":false,"audioPlay":false,"sceneViewState":{"showFog":true,"showMaterialUpdate":false,"showSkybox":false,"showFlares":true,"showImageEffects":true,"showParticleSystems":true},"in2DMode":false,"pivot":{"x":0.9404959678649902,"y":1.851367473602295,"z":-0.06626772880554199},"rotation":{"x":0.10445509850978852,"y":0.7748149037361145,"z":-0.13284921646118165,"w":0.609197735786438},"size":9.226361274719239,"orthographic":false}