{"cameraMode":{"drawMode":0,"name":"Shaded","section":"Shading Mode"},"sceneLighting":true,"audioPlay":false,"sceneViewState":{"showFog":true,"showMaterialUpdate":false,"showSkybox":true,"showFlares":true,"showImageEffects":true,"showParticleSystems":true},"in2DMode":false,"pivot":{"x":30.12601089477539,"y":-17.928281784057618,"z":15.550893783569336},"rotation":{"x":0.2810222804546356,"y":0.3661067485809326,"z":-0.11699695885181427,"w":0.879387617111206},"size":68.96682739257813,"orthographic":false}