{"cameraMode":{"drawMode":0,"name":"Shaded","section":"Shading Mode"},"sceneLighting":true,"audioPlay":false,"sceneViewState":{"showFog":true,"showMaterialUpdate":false,"showSkybox":false,"showFlares":true,"showImageEffects":true,"showParticleSystems":true},"in2DMode":false,"pivot":{"x":-5.741249084472656,"y":-19.452796936035158,"z":-0.6439056396484375},"rotation":{"x":0.39044323563575747,"y":0.22292150557041169,"z":-0.09803449362516403,"w":0.8878468871116638},"size":104.08319091796875,"orthographic":false}