{"cameraMode":{"drawMode":0,"name":"Shaded","section":"Shading Mode"},"sceneLighting":true,"audioPlay":false,"sceneViewState":{"showFog":true,"showMaterialUpdate":false,"showSkybox":true,"showFlares":true,"showImageEffects":true,"showParticleSystems":true},"in2DMode":false,"pivot":{"x":3.9727439880371095,"y":-27.73131561279297,"z":-1.043745517730713},"rotation":{"x":0.27098649740219118,"y":0.6812032461166382,"z":-0.3032364547252655,"w":0.6087639927864075},"size":128.44581604003907,"orthographic":false}