{"cameraMode":{"drawMode":0,"name":"Shaded","section":"Shading Mode"},"sceneLighting":true,"audioPlay":false,"sceneViewState":{"showFog":true,"showMaterialUpdate":false,"showSkybox":true,"showFlares":true,"showImageEffects":true,"showParticleSystems":true},"in2DMode":false,"pivot":{"x":6.903007507324219,"y":-7.626918792724609,"z":-0.02327728271484375},"rotation":{"x":0.25058284401893618,"y":0.7107576727867127,"z":-0.3062269687652588,"w":0.5816138386726379},"size":90.21898651123047,"orthographic":false}