{"cameraMode":{"drawMode":0,"name":"Shaded","section":"Shading Mode"},"sceneLighting":false,"audioPlay":false,"sceneViewState":{"showFog":true,"showMaterialUpdate":false,"showSkybox":false,"showFlares":true,"showImageEffects":true,"showParticleSystems":true},"in2DMode":false,"pivot":{"x":0.0,"y":0.22431981563568116,"z":-0.02884574979543686},"rotation":{"x":-0.21272093057632447,"y":0.7462678551673889,"z":-0.28116172552108767,"w":-0.5646123290061951},"size":1.1986106634140015,"orthographic":false}