{"cameraMode":{"drawMode":0,"name":"Shaded","section":"Shading Mode"},"sceneLighting":true,"audioPlay":false,"sceneViewState":{"showFog":true,"showMaterialUpdate":false,"showSkybox":false,"showFlares":true,"showImageEffects":true,"showParticleSystems":true},"in2DMode":false,"pivot":{"x":0.000011444091796875,"y":-1.8712029457092286,"z":-0.0000152587890625},"rotation":{"x":0.25058284401893618,"y":0.7107576727867127,"z":-0.3062269687652588,"w":0.5816138386726379},"size":96.93582153320313,"orthographic":false}